<?xml version='1.0' encoding='UTF-8'?>
<metadata>
  <idinfo>
    <citation>
      <citeinfo>
        <origin>U.S. Geological Survey - Gap Analysis Project</origin>
        <pubdate>20180815</pubdate>
        <title>American Bison (Bison bison) mBISOx_CONUS_2001v1 Range Map</title>
        <geoform>maps and data</geoform>
        <pubinfo>
          <pubplace>Boise, Idaho</pubplace>
          <publish>U.S. Geological Survey</publish>
        </pubinfo>
        <onlink>https://doi.org/10.5066/F7PZ57T1</onlink>
        <onlink>https://www.sciencebase.gov/catalog/item/59f5ec59e4b063d5d307e657</onlink>
      </citeinfo>
    </citation>
    <descript>
      <abstract>This dataset represents a species known range extent for American Bison (Bison bison) within the conterminous United States (CONUS) based on 2001 ground conditions. This range map was created by attributing sub-watershed polygons with information of a species presence, origin, seasonal and reproductive use. See Gap Analysis Project Species Range Maps at https://www.sciencebase.gov/catalog/item/5951527de4b062508e3b1e79 for more information regarding data creation and user constraints. For species specific range information, see https://www.sciencebase.gov/catalog/item/59f5ec59e4b063d5d307e657. This range map was edited by Matthew Rubino; and reviewed by Nathan Tarr.</abstract>
      <purpose>GAP range maps represent a coarse representation of the total areal extent of a species or the geographic limits within which a species can be found. The known range for a species can be used to constrain the boundaries of the species distribution model and in assessments of the conservation status and/or threats within the range of a species.</purpose>
    </descript>
    <timeperd>
      <timeinfo>
        <rngdates>
          <begdate>2008</begdate>
          <enddate>2013</enddate>
        </rngdates>
      </timeinfo>
      <current>publication date</current>
    </timeperd>
    <status>
      <progress>In work</progress>
      <update>As needed</update>
    </status>
    <spdom>
      <bounding>
        <westbc>175.0</westbc>
        <eastbc>-64.0</eastbc>
        <northbc>72.0</northbc>
        <southbc>16.0</southbc>
      </bounding>
      <descgeog>United States</descgeog>
    </spdom>
    <keywords>
      <theme>
        <themekt>USGS Metadata Identifier</themekt>
        <themekey>USGS:59f5ec59e4b063d5d307e657</themekey>
      </theme>
    </keywords>
    <accconst>none</accconst>
    <useconst>It is strongly recommended that these data are directly acquired from the U.S. Geological Survey and not indirectly through other sources, which may have modified the data in some way. It is also strongly recommended that careful attention be paid to the contents of the metadata file associated with these data.</useconst>
    <ptcontac>
      <cntinfo>
        <cntperp>
          <cntper>Dr. Alexa McKerrow</cntper>
          <cntorg>U.S. Geological Survey/Core Science Analytics, Synthesis, and Libraries</cntorg>
        </cntperp>
        <cntaddr>
          <addrtype>mailing and physical</addrtype>
          <address>North Carolina State University, Campus Box 7617</address>
          <city>Raleigh</city>
          <state>NC</state>
          <postal>27695-7617</postal>
          <country>United States</country>
        </cntaddr>
        <cntvoice>571-218-5474</cntvoice>
        <cntemail>amckerrow@usgs.gov</cntemail>
      </cntinfo>
    </ptcontac>
  </idinfo>
  <spdoinfo>
    <direct>Vector</direct>
  </spdoinfo>
  <spref>
    <horizsys>
      <planar>
        <mapproj>
          <mapprojn>Albers Conical Equal Area</mapprojn>
          <albers>
            <stdparll>29.5</stdparll>
            <stdparll>45.5</stdparll>
            <longcm>-96.0</longcm>
            <latprjo>23.0</latprjo>
            <feast>0.0</feast>
            <fnorth>0.0</fnorth>
          </albers>
        </mapproj>
        <planci>
          <plance>coordinate pair</plance>
          <coordrep>
            <absres>1.0</absres>
            <ordres>1.0</ordres>
          </coordrep>
          <plandu>METERS</plandu>
        </planci>
      </planar>
      <geodetic>
        <horizdn>North American Datum of 1983</horizdn>
        <ellips>Geodetic Reference System 80</ellips>
        <semiaxis>6378137.0</semiaxis>
        <denflat>298.257222</denflat>
      </geodetic>
    </horizsys>
  </spref>
  <eainfo>
    <detailed>
      <enttyp>
        <enttypl>mBISOx_CONUS_Range_2001v1.csv</enttypl>
        <enttypd>This table when linked to the USGS National Gap Analysis Project Additional Data – Hydrologic Unit Codes [HUCs] dataset can be used to produce the original range data.</enttypd>
        <enttypds>Producer defined.</enttypds>
      </enttyp>
      <attr>
        <attrlabl>strHUC12RNG</attrlabl>
        <attrdef>Numeric code representing the individual polygons in the USGS National Gap Analysis Project Additional Data – Hydrologic Unit Codes [HUCs] dataset.</attrdef>
        <attrdefs>Producer defined</attrdefs>
        <attrdomv>
          <udom>This is a twelve digit code related to the modified Hydrologic Unit dataset used to create the ranges.</udom>
        </attrdomv>
      </attr>
      <attr>
        <attrlabl>strUC</attrlabl>
        <attrdef>Species code for the mammals for which ranges were developed.</attrdef>
        <attrdefs>Producer defined</attrdefs>
        <attrdomv>
          <udom>A six digit alphabetic code representing the class (a=amphibian, r=reptile, m=mammal, b=bird) followed by 4 letters representing genus and species, followed by an x indicating the range represents the area of occupancy for the full species. For example for the Snow Goose the code = bSNGOx.</udom>
        </attrdomv>
      </attr>
      <attr>
        <attrlabl>intGAPOrigin</attrlabl>
        <attrdef>Identifies the origin of the species at that specific location.</attrdef>
        <attrdefs>Producer defined</attrdefs>
        <attrdomv>
          <edom>
            <edomv>1</edomv>
            <edomvd>Native</edomvd>
            <edomvds>Producer defined</edomvds>
          </edom>
        </attrdomv>
        <attrdomv>
          <edom>
            <edomv>2</edomv>
            <edomvd>Introduced</edomvd>
            <edomvds>Producer defined</edomvds>
          </edom>
        </attrdomv>
        <attrdomv>
          <edom>
            <edomv>3</edomv>
            <edomvd>Either introduced or native</edomvd>
            <edomvds>Producer defined</edomvds>
          </edom>
        </attrdomv>
        <attrdomv>
          <edom>
            <edomv>4</edomv>
            <edomvd>Reintroduced</edomvd>
            <edomvds>Producer defined</edomvds>
          </edom>
        </attrdomv>
        <attrdomv>
          <edom>
            <edomv>5</edomv>
            <edomvd>Either introduced or native</edomvd>
            <edomvds>Producer defined</edomvds>
          </edom>
        </attrdomv>
        <attrdomv>
          <edom>
            <edomv>6</edomv>
            <edomvd>Vagrant</edomvd>
            <edomvds>Producer defined</edomvds>
          </edom>
        </attrdomv>
        <attrdomv>
          <edom>
            <edomv>7</edomv>
            <edomvd>Unknown</edomvd>
            <edomvds>Producer defined</edomvds>
          </edom>
        </attrdomv>
      </attr>
      <attr>
        <attrlabl>ingGapPres</attrlabl>
        <attrdef>Code that identifies the status of a species presence in the range polygon.</attrdef>
        <attrdefs>Producer defined</attrdefs>
        <attrdomv>
          <edom>
            <edomv>1</edomv>
            <edomvd>Known/extant</edomvd>
            <edomvds>Producer defined</edomvds>
          </edom>
        </attrdomv>
        <attrdomv>
          <edom>
            <edomv>2</edomv>
            <edomvd>Possibly present</edomvd>
            <edomvds>Producer defined</edomvds>
          </edom>
        </attrdomv>
        <attrdomv>
          <edom>
            <edomv>3</edomv>
            <edomvd>Potential for presence</edomvd>
            <edomvds>Producer defined</edomvds>
          </edom>
        </attrdomv>
        <attrdomv>
          <edom>
            <edomv>4</edomv>
            <edomvd>Extirpated/ historical presence</edomvd>
            <edomvds>Producer defined</edomvds>
          </edom>
        </attrdomv>
        <attrdomv>
          <edom>
            <edomv>5</edomv>
            <edomvd>Extirpated purposely (applied to introduced species only)</edomvd>
            <edomvds>Producer defined</edomvds>
          </edom>
        </attrdomv>
        <attrdomv>
          <edom>
            <edomv>6</edomv>
            <edomvd>Occurs on indicated island chain</edomvd>
            <edomvds>Producer defined</edomvds>
          </edom>
        </attrdomv>
        <attrdomv>
          <edom>
            <edomv>7</edomv>
            <edomvd>Unknown</edomvd>
            <edomvds>Producer defined</edomvds>
          </edom>
        </attrdomv>
      </attr>
      <attr>
        <attrlabl>intGapRepro</attrlabl>
        <attrdef>Code that indicates the reproductive use by the species in the range polygon.</attrdef>
        <attrdefs>Producer defined</attrdefs>
        <attrdomv>
          <edom>
            <edomv>1</edomv>
            <edomvd>Breeding</edomvd>
            <edomvds>Producer defined</edomvds>
          </edom>
        </attrdomv>
        <attrdomv>
          <edom>
            <edomv>2</edomv>
            <edomvd>Nonbreeding</edomvd>
            <edomvds>Producer defined</edomvds>
          </edom>
        </attrdomv>
        <attrdomv>
          <edom>
            <edomv>3</edomv>
            <edomvd>Both breeding and nonbreeding</edomvd>
            <edomvds>Producer defined</edomvds>
          </edom>
        </attrdomv>
        <attrdomv>
          <edom>
            <edomv>7</edomv>
            <edomvd>Unknown</edomvd>
            <edomvds>User defined</edomvds>
          </edom>
        </attrdomv>
      </attr>
      <attr>
        <attrlabl>intGapSeas</attrlabl>
        <attrdef>Code indicating the seasonal use of the range polygon by the species.</attrdef>
        <attrdefs>Producer defined</attrdefs>
        <attrdomv>
          <edom>
            <edomv>1</edomv>
            <edomvd>Year round</edomvd>
            <edomvds>Producer defined</edomvds>
          </edom>
        </attrdomv>
        <attrdomv>
          <edom>
            <edomv>2</edomv>
            <edomvd>Migratory</edomvd>
            <edomvds>Producer defined</edomvds>
          </edom>
        </attrdomv>
        <attrdomv>
          <edom>
            <edomv>3</edomv>
            <edomvd>Winter</edomvd>
            <edomvds>Producer defined</edomvds>
          </edom>
        </attrdomv>
        <attrdomv>
          <edom>
            <edomv>4</edomv>
            <edomvd>Summer</edomvd>
            <edomvds>Producer defined</edomvds>
          </edom>
        </attrdomv>
        <attrdomv>
          <edom>
            <edomv>5</edomv>
            <edomvd>Passage migrant or wanderer</edomvd>
            <edomvds>Producer defined</edomvds>
          </edom>
        </attrdomv>
        <attrdomv>
          <edom>
            <edomv>6</edomv>
            <edomvd>Seasonal permanence uncertain</edomvd>
            <edomvds>Producer defined</edomvds>
          </edom>
        </attrdomv>
        <attrdomv>
          <edom>
            <edomv>7</edomv>
            <edomvd>Unknown</edomvd>
            <edomvds>Producer defined</edomvds>
          </edom>
        </attrdomv>
        <attrdomv>
          <edom>
            <edomv>8</edomv>
            <edomvd>Vagrant</edomvd>
            <edomvds>Producer defined</edomvds>
          </edom>
        </attrdomv>
      </attr>
    </detailed>
  </eainfo>
  <distinfo>
    <distrib>
      <cntinfo>
        <cntperp>
          <cntper>ScienceBase Data Release Team</cntper>
          <cntorg>U.S. Geological Survey - ScienceBase</cntorg>
        </cntperp>
        <cntaddr>
          <addrtype>mailing and physical</addrtype>
          <address>Denver Federal Center, Building 810, Mail Stop 302</address>
          <city>Denver</city>
          <state>CO</state>
          <postal>80225</postal>
          <country>United States</country>
        </cntaddr>
        <cntvoice>888-275-8747</cntvoice>
        <cntemail>sciencebase@usgs.gov</cntemail>
      </cntinfo>
    </distrib>
    <distliab>Unless otherwise stated, all data, metadata and related materials are considered to satisfy the quality standards relative to the purpose for which the data were collected. Although these data and associated metadata have been reviewed for accuracy and completeness and approved for release by the U.S. Geological Survey (USGS), no warranty expressed or implied is made regarding the display or utility of the data on any other system or for general or scientific purposes, nor shall the act of distribution constitute any such warranty.</distliab>
    <stdorder>
      <digform>
        <digtinfo>
          <formname>ZIP</formname>
        </digtinfo>
        <digtopt>
          <onlinopt>
            <computer>
              <networka>
                <networkr>https://www.sciencebase.gov/catalog/item/59f5ec59e4b063d5d307e657</networkr>
              </networka>
            </computer>
          </onlinopt>
        </digtopt>
      </digform>
      <fees>None</fees>
    </stdorder>
    <techpreq>Users must be able to join attribute information from a CSV file to a shapefile and query an extensive attribute file to get the mapped range for an individual species. The individual species ranges are provided as unique ScienceBase items as well.</techpreq>
  </distinfo>
  <lineage>
    <method>
      <methtype>Lab</methtype>
      <methdesc>In the shapefile provided here, the known range information is delineated by modified sub-watershed polygons represented in USGS Gap Analysis Hydrologic Unit Codes (DOI https://doi.org/10.5066/F7DZ0754). 
Each sub-watershed (n=82,717) contains information on a species origin, presence, reproductive status, and seasonal use. Seasonal known range extents used to constrain predictive habitat maps (https://doi.org/10.5066/F7V122T2) are derived for each species by excluding historic presence records and dissolving sub-watershed boundaries based on seasonal use (summer, winter, and year-round).</methdesc>
    </method>
  </lineage>
  <metainfo>
    <metd>20210406</metd>
    <metc>
      <cntinfo>
        <cntorgp>
          <cntorg>U.S. Geological Survey - Science Analytics and Synthesis - GAP</cntorg>
        </cntorgp>
        <cntaddr>
          <addrtype>mailing and physical</addrtype>
          <address>Denver Federal Center, West 6th Avenue  Kipling, Bldg. 810, MS 302</address>
          <city>Lakewood</city>
          <state>CO</state>
          <postal>80225</postal>
          <country>United States</country>
        </cntaddr>
        <cntvoice>888-275-8747</cntvoice>
        <cntemail>gap@usgs.gov</cntemail>
      </cntinfo>
    </metc>
    <metstdn>FGDC Biological Data Profile of the Content Standard for Digital Geospatial Metadata</metstdn>
    <metstdv>FGDC-STD-001.1-1999</metstdv>
  </metainfo>
</metadata>
